"","Set","Proximity","Method","COMP_NDC_RECALL_MEAN","COMP_NDC_RECALL_MEDIAN","COMP_NDC_RECALL_MAX","COMP_NDC_PREC_MEAN","COMP_NDC_PREC_MEDIAN","COMP_NDC_PREC_MAX"
"1","Non-English","Method 1","Method 1",0.910708624284408,1,1,0.461957792170455,0.472394574706638,0.800884955752212
"2","Brand","Method 3","Method 3",0.478062689508099,0.5,1,0.320240019476885,0.242647058823529,1
"3","Launch - 20","Proximity - 20","Method 2A",0.77685968064928,1,1,0.63300635769396,0.694805194805195,1
"4","Launch - 5","Proximity - 5","Method 2B",0.714392286935024,0.902071563088512,1,0.709930687025889,0.8,1
"5","New Product - 20","Proximity - 20","Method 2A",0.426697295825437,0.405128205128205,1,0.517956725750173,0.5,1
"6","New Product - 5","Proximity - 5","Method 2B",0.136381316139391,0,1,0.506140790191573,0.5,1
"7","New Drug - 20","Proximity - 20","Method 2A",0.628331603159961,0.686274509803922,1,0.531226388346198,0.571428571428571,1
"8","New Drug - 5","Proximity - 5","Method 2B",0.443122641724314,0.388153389637069,1,0.540646612700522,0.541958041958042,1
